<?xml version="1.0" encoding="UTF-8"?>
<project xmlns="http://maven.apache.org/POM/4.0.0" xmlns:xsi="http://www.w3.org/2001/XMLSchema-instance" xsi:schemaLocation="http://maven.apache.org/POM/4.0.0 http://maven.apache.org/maven-v4_0_0.xsd">
  <modelVersion>4.0.0</modelVersion>
  <groupId>com.amazon.textract.solutions</groupId>
  <artifactId>translate-pdf</artifactId>
  <version>2.0</version>
  <build>
    <plugins>
      <plugin>
        <artifactId>maven-compiler-plugin</artifactId>
        <version>3.8.0</version>
        <configuration>
          <release>8</release>
        </configuration>
      </plugin>
      <plugin>
        <artifactId>maven-site-plugin</artifactId>
        <version>3.7.1</version>
      </plugin>
      <plugin>
        <artifactId>maven-project-info-reports-plugin</artifactId>
        <version>3.4.5</version>
      </plugin>
      <plugin>
        <artifactId>maven-shade-plugin</artifactId>
        <version>3.2.1</version>
        <executions>
          <execution>
            <phase>package</phase>
            <goals>
              <goal>shade</goal>
            </goals>
            <configuration>
              <transformers>
                <transformer>
                  <mainClass>Demo</mainClass>
                  <manifestEntries>
                    <Multi-Release>true</Multi-Release>
                  </manifestEntries>
                </transformer>
                <transformer />
              </transformers>
            </configuration>
          </execution>
        </executions>
      </plugin>
    </plugins>
  </build>
  <dependencyManagement>
    <dependencies>
      <dependency>
        <groupId>software.amazon.awssdk</groupId>
        <artifactId>bom</artifactId>
        <version>${aws.java.sdk.version}</version>
        <type>pom</type>
        <scope>import</scope>
      </dependency>
    </dependencies>
  </dependencyManagement>
  <properties>
    <aws.java.sdk.version>2.20.81</aws.java.sdk.version>
    <java.version>11</java.version>
  </properties>
</project>
